sample,yield,P-mositure,P-acid,P-sugar,P-starch,D-mositure,D-acid,D-sugar,D-starch,P-lactic_acid,P-ethanol,D-lactic_acid,D-ethanol
R6-1,34.76,54.2,2.72,1.22,10.9,51.3,2.19,1.42,12.1,4.4,16.2,4.2,22.1
R6-2,38.09,49.8,4.12,2.1,12.96,46.6,3.31,2.2,14.4,5.4,21.6,5,21.6
R6-3,33.08,53.7,2.93,1.32,10.4,51.9,2.3,1.4,9.4,4.8,18,4.1,20.8
R6-4,24.69297297,47.5,3.41,3.76,13.72,45.9,3.06,2.78,14.94,4.6,6.4,4.2,18.4
R6-5,39.03,50.4,4.02,1.18,11.54,48.6,3.97,2.52,14.4,5.2,12,5,18
R6-6,32.7,52.6,3.69,1,10.8,52.8,3.21,1.18,14.94,5.4,13.6,5.6,17.8
R6-7,38.97,49,4.07,2.6,14.56,47.6,3.45,1.76,13.5,5.5,13.3,5.4,16
R6-8,21.76810811,47.6,3.74,2.34,13.66,48.2,3.21,2.82,15.48,4.6,14.4,4.6,15.8
R6-9,37.61,49.8,4.12,1.71,13.86,47.6,4.02,2.76,15.3,4.8,13,5,15.2
R6-10,44.23,50.8,3.92,2.2,14.08,48.1,3.46,2.29,15.66,4.1,12.2,4.8,15
R6-11,40.18,47.6,4.02,1.86,13.14,48.6,3.51,1.4,12.64,5,11,4.7,15
R6-12,38.83,48.4,3.51,3.45,13.21,47.2,3.26,2.02,15.48,4.6,10.4,4.8,14.2
R6-13,17.80243243,49.8,4.47,1.73,14.94,48,3.06,2.33,15.48,4.8,21.2,3.6,14.2
R6-14,28.85540541,48.3,4.22,1.8,16.38,49.7,3.31,2.36,14.76,3.8,18.4,4.2,14
R6-15,33.06,54.5,4.06,0.52,9.9,51.9,3.67,1.49,13.32,1.4,9.4,3.8,13.4
R6-16,39.8,47.2,3.96,3.34,14.76,51.9,3.65,1.9,14.94,5.6,15.6,5.6,13.2
R6-17,30.7,53.9,4.86,0.76,11.52,52.9,3.42,0.76,12.78,4.8,12,3.2,11.8
R6-18,30.8795,51.4,3.12,1.88,14.4,50.2,2.41,2.12,13.14,4.4,22,4.4,11.2
R6-19,40.26,52,4.02,1.45,12.8,49,3.11,2.22,15.75,3.9,6.2,5.2,10.8
R6-20,33.57,54.1,3.97,1.44,9.5,52.8,2.19,1.58,14,4.2,17.8,3.4,10.6
R6-21,31.1,54.9,3.14,1.96,13.5,52,2.09,1.22,10.6,4.4,25.2,4.6,10.4
R6-22,33.2,55.6,3.51,0.34,11.12,53.5,2.64,1.6,13.68,4.6,16.6,3.4,10.4
R6-23,33.06,54.5,2.72,1.68,10.8,52.4,2.19,1,12.1,4.4,23.6,4.1,10.2
R6-24,37.79,52.4,3.14,2.58,13.3,53.2,2.51,1.58,9,6.4,19.6,4.4,10
R6-25,33.52,53.9,2.61,1.5,11.7,53.5,1.88,1.12,13.1,4.4,19.4,3.8,10
R6-26,41.13,50.6,4.3,1.74,14.53,49.9,4.32,1.36,13.32,4.6,13.4,4,9.8
R6-27,35.69,52.5,2.82,1.22,15.3,52.8,2.61,2.18,12.8,3.8,22,4.8,9.7
R6-28,33.78,55.1,2.93,1.94,11.3,54.9,2.4,1.52,13.7,4.8,22.4,4.4,9.7
R6-29,30.47,53,4.49,1.11,10.44,50.5,3.47,1.29,12.24,2.2,8.8,4.6,9.6
R6-30,41.03,49.8,3.76,1.58,12.53,49.4,3.45,1.98,12.06,5,10,5,9.2
R6-31,34.43,53.3,2.93,3.06,13.9,53.6,2.4,1.54,13.5,4.4,24,4.8,9.2
R6-32,19.94,52.1,4.32,1.38,12.6,47.3,3.46,3.86,15.84,6.4,16.2,4.2,9.2
R6-33,37.9815,50.4,3.52,2.54,14.58,50.5,3.01,1.88,12.96,5,18.6,4.4,8.8
R6-34,34.74,51.9,2.61,2.26,13.1,52.5,2.4,1.42,10.6,4.8,7.2,3.9,8.8
R6-35,32.02057143,47.2,3.58,3.62,18,47.8,3.71,3.38,15.3,3.8,10.2,4.4,8.6
R6-36,34.1,50.8,2.93,2.2,12.8,52.9,1.99,1.56,11.9,4.4,20.2,3.7,8.5
R6-37,44,50.2,4.2,1.28,13.86,50.2,3.41,1.82,14.54,4,3.2,3.6,8.4
R6-38,33.76,55.8,3.76,2.56,8.1,52.3,1.88,1.42,11.7,4.4,19.2,3.3,8.4
R6-39,26.78846154,51.7,2.91,1.64,14.8,50.9,2.71,2.32,14.58,4.6,4.8,2.8,8.4
R6-40,37.46,51.2,3.55,1.18,12.4,53.1,2.51,1.42,13.5,4.4,12.6,3.4,8.2
R6-41,37.62,49.7,3.66,1.25,13.77,51.4,3.17,1.28,12.24,5.4,15.2,4.2,8
R6-42,37.37,52.8,2.75,1.09,12.96,49.8,3.4,2.5,13.32,4.8,3,0.8,7.4
R6-43,34.16,54,3.34,1.42,11.2,54.4,2.4,1.42,10.6,3.6,12,3,7.2
R6-44,21.52,51,4.28,2.38,14.8,49.7,3.14,1.52,15.7,7.2,25.2,5.2,7
R6-45,35.74,48.6,4.32,1.56,12.38,47,3.55,2.22,11.25,5.6,15.8,4.6,6.8
R6-46,33.6,55.6,4.08,1.22,9.7,54.8,2.72,1.18,9.5,4.4,20.4,3.8,6.7
R6-47,32.49,51.8,2.61,1.42,12.1,54.9,2.3,1.42,14.9,4.6,24.2,3.3,6.7
R6-48,39.38,48.2,4.72,1.47,14.22,52.8,3.15,1.72,12.78,4.9,14.5,5.4,6.6
R6-49,35.9,53.1,2.51,1.42,11.7,54.8,2.3,1.42,11.9,4.6,16.4,3.4,6.6
R6-50,45.8,49.7,3.3,1.94,13.68,44.8,2.88,2.3,12.6,2.6,12.8,2.6,6.6
R6-51,31.42,53.1,3.61,1.71,11.61,50.4,3.46,1.51,11.7,6,18.9,4.4,6.5
R6-52,34.1,52.6,2.93,1.44,13.5,53.2,2.35,1.76,11.8,4,23.8,3.2,6.4
R6-53,35.87,54.2,3.03,1.32,9.7,53.2,2.51,1.18,13.1,6.8,22,3,6.4
R6-54,42.7,51.7,3.32,2.2,14.04,50.2,3.97,1.69,10.98,0.8,12.2,2.6,6.2
R6-55,36.13,54,3.76,1.06,12.1,53.2,3.34,1.42,13.1,4,19.6,4.3,6.1
R6-56,35.85,50.9,2.4,1.02,16.2,50.1,3.34,1.78,9.9,4.4,24.4,3.5,6.1
R6-57,25.03,53.7,4.28,1.02,13.3,51.8,3.24,2,14.4,6.4,16.6,5.2,6
R6-58,33.96,52.8,4.07,1.48,9.72,51.3,3.21,1.48,12.06,5.8,7.5,5.2,6
R6-59,47.3,51.2,2.88,1.9,11.88,50.1,3.06,1.99,14.6,2.4,15.8,3.2,6
R6-60,32,51.8,4.22,1.31,11.61,50.5,3.16,1.5,12.06,6.4,19.5,5.6,5.8
R6-61,19.77,51,3.76,2.22,17.8,49.9,3.66,2.02,15.8,6,20.4,5.2,5.8
R6-62,33.78,53.4,4.02,1.37,12.6,52.3,2.9,1.5,12.6,6,16.4,4.9,5.8
R6-63,34.87,54.8,3.03,1.44,14,54.2,2.3,1.32,14.4,4.4,20.8,3.7,5.8
R6-64,35.86,53.3,3.45,1.08,9.5,54.4,2.82,1.28,9.9,3.6,11.4,2.2,5.7
R6-65,33.96,47.4,4.73,1.86,12.06,48.8,2.23,1.68,14.67,5,12.6,5.2,5.6
R6-66,40.7,49.4,4,1.16,12.24,50.8,2.77,1.71,11.7,1.6,3.4,2.8,5.6
R6-67,39.5,51.6,3.19,1.13,11.7,48.6,2.65,1.6,13.68,0.8,17.8,0.6,5.6
R6-68,34.05,52.8,2.84,3.61,15.12,45.6,2.54,3.14,14.58,4.6,11.6,5,5.4
R6-69,30.14,49.5,4.07,1.1,10.98,45.7,3.33,1.63,12.78,5.6,10.2,3.6,5.4
R6-70,48.4,48.8,3.81,1.74,12.06,47.6,2.68,1.89,12.6,4.2,4.6,2.8,5.4
R6-71,28,46.2,3.28,1.34,12.24,48.2,2.59,2.24,16.2,0,16.2,1.8,5.4
R6-72,21.75,53.2,4.28,0.68,17.1,51.2,3.76,1.08,14.2,5.6,21.6,5.8,5.2
R6-73,29.85,50.5,3.07,3.13,13.68,50.6,2.64,2.21,13.86,4.6,23.8,4,5.2
R6-74,41.95,55.3,3.91,0.9,12.33,50.2,3.35,1.44,14.58,4.2,23,4,5.2
R6-75,31.76210526,51.6,3.71,2.77,12.96,50.8,2.74,0.53,11.34,5,17.8,3.8,5.2
R6-76,34.26,54.7,4.08,1.02,11.5,53.8,2.51,1.42,12.4,3.2,8.8,3.7,5.2
R6-77,36.27,50.5,3.34,2.44,11.5,52.8,3.45,1.16,12.2,3.2,18,3.6,5.2
R6-78,33.6,52.8,3.13,0.65,10.98,49,3.19,2,12.51,4.2,23.4,4.8,5
R6-79,25.57,51.8,3.55,0.8,15.7,51.6,2.93,2.93,11.5,6,14.8,4.4,5
R6-80,32.52,53.6,3.34,1.88,9.9,52.7,2.51,1.62,13.7,6,16.8,4,5
R6-81,26.82,53,4.28,0.68,17.6,53.5,3.97,1.32,18.5,5.2,22.4,6.6,4.8
R6-82,31.1,53.9,3.87,1.82,13.5,53.2,3.26,1.26,12.96,5.6,9.4,5.5,4.8
R6-83,30.85,52.9,4.28,0.85,12.24,52.6,3.26,1.36,13.68,5.8,8.2,4.8,4.8
R6-84,30.39,52.6,3.46,1.09,12.24,50.3,3.41,1.65,12.96,6.6,13.4,4.6,4.8
R6-85,41.82,53.2,3.68,0.81,7.02,47.6,3.63,1.62,9.99,5,12.8,4.2,4.8
R6-86,35.3,53.9,3.55,0.56,15.1,54.2,3.14,2.74,11.3,7.8,13.6,3.8,4.8
R6-87,29.7,49.8,3.51,0.92,12.33,52.8,3.04,0.94,13.77,4.6,11.8,3.8,4.8
R6-88,28.40540541,49.5,4.22,2.02,14.78,48.7,3.66,2.64,15.12,4.4,6.5,3.8,4.8
R6-89,45.6,51.2,3.3,3.42,12.24,52,3.3,1.77,13.68,2.8,16,2,4.8
R6-90,32.8,52.4,3.49,1.22,12.6,47,2.58,1.92,13.86,0,15,2,4.8
R6-91,35.76,53.2,4.66,1.42,12.42,53.4,3.67,2.01,11.7,6.2,21.4,5.7,4.7
R6-92,35.64,48.8,4.32,2.3,13.95,49.8,4.36,1.36,13.14,5.3,14.7,5.1,4.7
R6-93,30.76,50.8,4.22,1.47,12.6,51.7,3.77,1.47,13.86,6.6,11.9,5.9,4.6
R6-94,35.05,53.3,4.61,1.29,12.06,52.2,3.26,1.22,12.23,5.6,10.5,5.6,4.6
R6-95,27.91,51.8,4.49,2.26,13,51.6,3.14,2.7,12.2,5.6,20.8,5.2,4.6
R6-96,21.51,52.5,3.66,0.66,16.7,50.9,2.4,1.32,16,5.6,10.4,4.8,4.6
R6-97,20.66,51.1,4.18,1.68,17.5,52.3,3.34,1.12,16.4,6.4,28.8,4.6,4.6
R6-98,22.04421053,48.9,3.92,5.48,17.64,46.8,3.26,3.64,15.73,4.5,15.2,4.6,4.6
R6-99,35.89,50.9,3.25,3.07,15.48,51,2.34,1.68,15.3,5,10.2,4.4,4.6
R6-100,43.6,45.4,3.5,1.11,11.9,49.6,3.24,1.83,14.76,3.2,16,3.4,4.6
R6-101,35.39,54.8,3.03,1.76,10.9,53.5,2.72,1.16,12.6,4.4,16.4,3.8,4.5
R6-102,35.44,54.4,4.39,0.82,9.2,54.7,2.09,0.74,15.7,4,19.6,3.2,4.5
R6-103,20.86,51.8,4.39,1.52,13.5,51.2,3.14,1.5,15.7,6,20.8,5.8,4.4
R6-104,20.83,52.6,3.76,1.34,12.6,51.7,3.14,1.46,13.9,7.2,13.2,5.6,4.4
R6-105,20.89,52.9,4.28,1.68,14.4,52.7,3.55,1.74,15.8,6.4,18.4,5.4,4.4
R6-106,27.33,51,3.92,1.25,11.7,51.4,3.46,2.01,12.33,5.8,8.1,5,4.3
R6-107,29.4,51.7,4.49,1.46,18.7,49.6,3.66,1.34,16,7.6,11.6,6.4,4.2
R6-108,32.4,52.8,4.61,1.22,13.41,53.1,3.87,2.22,14.94,6.1,13.3,5.6,4.2
R6-109,27.26,51.7,3.97,1.44,15.5,51.5,3.14,2.12,13.5,6.4,13.2,5.4,4.2
R6-110,33.99,53.3,4.02,1,13.41,49.5,3.51,1.72,11.61,6.2,10.9,5.3,4.2
R6-111,36.74,53.4,4.29,1.18,13.86,51.1,3.92,0.76,12.6,5.4,15.6,5.2,4.2
R6-112,22.53,50.6,3.14,1.16,10.8,49.9,3.45,2.5,14,6,15.6,4.4,4.2
R6-113,33.36,54.4,3.34,1.38,8.1,54.8,2.55,1.12,12.7,4.4,16,3.8,4.2
R6-114,36.57,50.4,3.5,1.57,12.78,51,3.19,2.1,13.07,3.6,4.4,3.8,4.2
R6-115,32.59,53.3,4.25,1.45,12.24,53.2,3.66,1.91,11.16,5.4,13.1,5.5,4.1
R6-116,39.5,51.2,4.21,0.88,10.26,53.2,3.52,1.17,13.5,4.4,16.4,10.8,4
R6-117,22.58,51.8,3.76,1.5,15.1,49.7,3.03,2.18,14.4,4.8,14,5.6,4
R6-118,33.13,50.6,4.42,1.19,13.14,50.9,3.1,1.54,11.16,6.6,14.1,5.4,4
R6-119,21.61,52.9,4.08,1.14,15.1,51.1,2.61,0.72,15.1,3,10,5,4
R6-120,27.22888889,48.8,3.88,1.16,13.86,48,3.48,2.5,14.4,2.8,9.8,4.6,4
R6-121,34.5,54.2,3.87,2.28,13.1,53.2,2.72,1.92,10.9,5,17.6,4.2,4
R6-122,33.39,52,3.76,0.62,14.7,53.7,2.72,1.02,12.4,5,15.4,3.8,4
R6-123,31.73,54.8,3.45,1,9.7,47.5,2.74,1.84,13.86,2.6,10.6,3.4,4
R6-124,29.95,53,4.02,1.23,12.96,53.3,2.95,1.34,13.5,5.7,10.9,5.6,3.9
R6-125,28.94,54.5,3.51,1.11,13.5,52.3,3.77,1.36,13.86,5.6,9.7,5.1,3.9
R6-126,33.17,50.5,3.82,1.77,14.4,52.4,3.56,1.67,13.32,5.8,9.8,5,3.9
R6-127,23.54,53.2,3.76,1.2,14.2,52,3.55,1.88,10.8,6.4,16,6.2,3.8
R6-128,32.8,53.8,3.66,1.08,11.7,51.5,3.31,1.38,14.58,9.6,13.1,5.3,3.8
R6-129,39.73,51,4.27,1.88,15.64,45,3.61,2.06,14.4,5,13.8,5,3.8
R6-130,35.82,52.8,4.3,0.77,12.96,50.4,3.69,1.38,13.68,3,13.8,4.8,3.8
R6-131,34.52,53.5,4.46,0.97,12.78,51.6,3.46,2.43,14.22,6.2,10.5,4.2,3.8
R6-132,31.18,52.1,4.09,1.08,12.6,54.1,3.32,1.18,8.92,5,21,3.8,3.8
R6-133,37.66,50.3,3.14,1.3,9.5,54.7,2.61,1.78,10.3,4,17.6,3.4,3.8
R6-134,40.3,49.8,3.19,3.36,12.2,49.2,2.78,3.6,13.32,2.4,11,1.9,3.8
R6-135,36.85,49.2,4.2,0.63,12.06,48.3,3.56,1.6,12.6,4.2,10,5.1,3.7
R6-136,34.59,54.7,4.11,0.86,11.34,49.1,3.62,1.82,12.6,3.2,22.8,11.2,3.6
R6-137,30.74,51.9,3.77,2.23,12.69,50.4,3.66,1.76,12.69,8,19.7,6.3,3.6
R6-138,21.36,52.5,4.7,0.92,15.8,52.5,3.45,1.06,17.8,4.8,20.8,6.2,3.6
R6-139,35.27,53.4,4.53,1.66,13.5,52.6,3.82,1.28,12.78,5.7,10.9,5.4,3.6
R6-140,40.27,56,3.3,2.82,10.98,51,3.32,1.62,15.84,0,10,4.2,3.6
R6-141,29.01,51.6,3.66,1.59,14.94,52.7,3.16,1.6,13.86,5.3,12.7,4,3.6
R6-142,33.54,53.8,3.14,2.28,9.5,53,2.61,1.54,10.9,3.6,15.6,3.6,3.6
R6-143,32.94,53.9,3.14,0.82,12.2,53.3,2.93,2.58,8.5,6,14,3.6,3.6
R6-144,32.3,53.6,4.38,1.26,13.32,52.3,3.82,2.11,12.6,6.2,11.5,5.8,3.5
R6-145,28.83,52.5,4.17,1.77,13.41,52.1,3.56,1.26,15.66,5.7,13.8,4.6,3.5
R6-146,24.8,53,4.49,1.82,16.7,49.4,3.76,1.66,16.7,7.6,10,6.8,3.4
R6-147,30.74,51.5,3.72,1.36,12.15,52.6,3.05,1.76,12.6,6.6,16.9,6.2,3.4
R6-148,29.19,53.7,3.97,1.44,11.52,51.1,3.36,1.19,14.58,5.8,9.7,6.2,3.4
R6-149,35.77,53.1,3.56,1.02,14.22,51.4,3.66,1.72,12.33,6.8,13.6,5.6,3.4
R6-150,28.57,52.1,4.33,1.81,12.06,51.9,3.51,1.28,14.31,8,11.6,5.6,3.4
R6-151,28.95,53,3.72,1.91,12.96,50.9,3.05,1.68,11.61,6.4,10.6,5.6,3.4
R6-152,26.84,50.6,4.02,2.32,15.39,50.5,3.41,0.95,13.41,6.2,7.1,5.6,3.4
R6-153,29.36,53.1,4.48,0.9,13.32,51.1,3.51,1.69,14.58,5.9,8.9,5.2,3.4
R6-154,38.46,54.1,4.28,0.95,13.86,51.2,3.92,1.12,11.88,5.6,13.2,4.7,3.4
R6-155,30.21,52,3.97,1.18,15.5,49.6,2.82,1.56,16,7.2,14,4.6,3.4
R6-156,24.64,51.4,4.22,1.27,12.78,52.8,3.41,1.16,10.8,5.2,6.6,4.6,3.4
R6-157,30.16,54.2,4.28,1.03,10.98,51.9,3.76,2,12.78,4.2,12.6,4,3.4
R6-158,24.88,51.1,3.31,3.25,12.2,51.6,2.81,2.01,13.68,4.7,5.9,3.6,3.4
R6-159,31.9,51.6,2.82,1.96,15.3,53,2.3,1.42,13.1,4.4,22.2,2.8,3.4
R6-160,37.4,52,3.09,1.22,12.6,49.8,2.61,2.42,13.32,3.2,11.2,2,3.4
R6-161,34.2,53.7,4.08,1.26,12.78,52.9,3.89,1.46,12.69,6.7,11.7,6.3,3.3
R6-162,35.87,54.3,3.51,0.87,12.78,52,3.66,1.27,11.16,5.1,10.5,5.1,3.3
R6-163,28.21,52.7,3.45,2.4,17.3,51.7,3.03,2.2,14.8,6.4,16.6,6.6,3.2
R6-164,19.55,53.3,3.87,0.74,15.8,49.6,3.45,1.28,17.1,6.4,30.4,6.2,3.2
R6-165,30.30769231,51.8,4.12,3.51,15.57,48,3.78,3.39,17.28,5.6,9.6,5.9,3.2
R6-166,22.41,53.4,4.39,2.48,13.7,50.2,3.24,2.12,14.2,5.2,20,5.8,3.2
R6-167,33.43,53.4,4.07,0.63,12.06,49.8,3.51,1.43,13.14,4.6,12.8,5.6,3.2
R6-168,32.99,48,4.12,1.22,13.18,49.2,3.89,1.2,13.86,4.2,13.2,5.4,3.2
R6-169,46.66,52.8,4.61,1.06,13.86,49,4.02,1.58,15.64,4,4.8,4.8,3.2
R6-170,31.5,46.5,4.29,0.84,12.55,48.8,3.95,1.28,10.28,4,16,4.6,3.2
R6-171,29.5,48.2,4.7,0.94,10.26,53.7,3.81,1.43,12.42,4.6,20.4,4.2,3.2
R6-172,31.16,48.2,2.71,4.26,13.91,45.7,3.26,2.36,16.65,3.6,12,4.2,3.2
R6-173,30.22,48.8,3.09,1.47,11.88,48.2,3.35,2.35,12.78,4.2,16,3.2,3.2
R6-174,27.5,56.6,4.5,0.93,12.24,53.4,2.93,1.01,13.14,7,9.6,6.6,3
R6-175,25.92,49.2,5.01,1.52,16.2,50.4,4.18,1.54,16.6,7.2,12,6.4,3
R6-176,21,53.4,4.28,0.8,15.8,50.9,3.97,1.08,16.7,7.2,5.2,6.4,3
R6-177,33.85,53.4,3.61,0.8,10.98,51.5,3.87,1.76,12.42,5.7,17.6,5.8,3
R6-178,35.06,51.6,3.97,1.74,13.41,51,3.26,1.74,16.38,6,13,5.3,3
R6-179,29.14,51.8,3.77,2.31,13.23,48.7,2.87,1.15,12.96,5.8,6.5,5.2,3
R6-180,20.65,52.3,4.08,1.68,14.2,49.8,2.93,1.9,14,5.6,15.6,4.6,3
R6-181,21.9,52.8,3.97,1.03,11.52,48.4,4.59,2.81,11.34,4,15.8,4.4,3
R6-182,34.52,52.4,3.19,3.62,14.4,50.4,3.09,3.69,13.68,0,8,3.2,3
R6-183,42.5,53.2,3.99,3.08,14.4,50.4,2.79,2.02,14.94,3.8,12,2.2,3
R6-184,28,52.6,4.4,0.94,14.22,51.7,3.64,0.99,15.12,6.2,10.4,2.1,3
R6-185,35.33,51.9,4.37,1.37,13.86,51.8,3.36,1.18,12.24,5.7,12.1,5.8,2.9
R6-186,47.14,52.3,4.48,1.01,11.61,52.4,3.41,1.8,12.78,5.8,7.6,5.5,2.9
R6-187,29.05,53.6,3.82,1.99,14.22,52.1,3.51,1.4,12.78,6.2,12,5.4,2.9
R6-188,36.39,53.2,4.27,1.44,14.22,52,3.51,1.48,11.52,6.2,6.4,5.4,2.9
R6-189,25.73,51.9,4.91,1.04,18,49.9,4.08,1.28,16.9,6.8,11.2,7.8,2.8
R6-190,28.69,51.3,4.27,1.09,13.05,49.9,2.34,1.41,12.42,7,13.3,6.4,2.8
R6-191,37.53,45.2,4.72,0.86,13.41,49.9,4.12,1.61,14.78,4.6,12.4,6.4,2.8
R6-192,29.56,50.9,3.66,1.87,13.41,51.6,3.51,1.98,13.23,8.4,8.4,6.3,2.8
R6-193,28.09,51.8,3.66,0.85,11.43,51.8,3.05,1.22,13.68,6.5,20.8,5.8,2.8
R6-194,28.99,53,3.97,1,15.7,51.8,4.18,1.18,17.1,7.2,15.6,5.8,2.8
R6-195,29.28,53.3,3.66,2,13.9,49.9,2.93,1.82,13.9,6,18,5.4,2.8
R6-196,35.75,47,3.73,2.32,11.52,50.2,3.61,1.57,12.42,2.2,8.8,5.4,2.8
R6-197,40.36,48,4.12,1.85,14.49,49.5,3.73,2.42,12.51,4.6,11.4,5.2,2.8
R6-198,30.96,53.8,3.66,0.99,14.4,52.2,3.26,1.38,13.68,6.5,7.9,5,2.8
R6-199,28.12,54.4,3.43,1.34,12.06,53.6,3.36,1.9,13.41,4.6,11.8,4.6,2.8
R6-200,31.87,53.8,4.28,0.52,9.5,54,2.4,1.44,13.3,4.4,14,4,2.8
R6-201,32.23,55.4,4.62,0.86,13.86,50.2,3.11,2.56,14.83,4.8,5.4,4,2.8
R6-202,32.76,52.8,3.67,1.31,9.47,52.4,3.24,0.86,10.26,4.8,15.6,2.3,2.8
R6-203,32.36,52.3,4.17,1.42,13.05,50.9,3.61,1.37,13.68,5.5,12.5,5.7,2.7
R6-204,31.34,54.3,4.92,0.85,12.42,53.6,3.72,1.39,12.6,5.3,11.7,4.9,2.7
R6-205,35.92,53.6,3.76,1.22,10.9,53.9,2.82,1.34,10.3,4.8,17.6,4.1,2.7
R6-206,36.17,51.4,4.39,1.02,13.5,52.9,3.9,1.72,13.23,6.8,10.2,6.4,2.6
R6-207,21.17,52.8,3.97,2.4,11,49.6,2.72,2.08,14.2,6.8,16,6.2,2.6
R6-208,24.71,51.9,3.97,1.56,14.8,52.1,3.55,1.66,14.8,6.4,14.8,6,2.6
R6-209,22.4,51.6,3.76,0.86,16.7,51.7,2.72,2.28,14.4,5.2,18.8,5.6,2.6
R6-210,36.72,51.5,4.53,1.6,15.12,51.3,3.56,1.68,12.24,6.5,15.8,5.6,2.6
R6-211,29.23,51.5,4.38,1.61,12.96,51.4,3.46,1.33,11.61,5.8,10.7,5.6,2.6
R6-212,21.65,52.8,4.18,1.52,15.7,49.6,2.61,1.82,16.4,6.4,21.2,5.4,2.6
R6-213,36.17948718,51,4.26,3.06,15.75,48.1,3.88,3.31,14.94,5.2,6.4,5.4,2.6
R6-214,30.42,55.2,4.11,0.66,12.24,50.2,3.62,0.86,14.94,4.4,12.8,5.2,2.6
R6-215,30.11,50.1,3.82,2.31,14.22,51.4,3.31,1.54,14.04,6.4,9.7,5.1,2.6
R6-216,26.53,53.4,3.97,2.9,13.3,49.8,2.93,2.72,14.8,6.4,11.6,5,2.6
R6-217,32.52,54.3,5.02,0.76,11.88,53.9,3.72,1.57,11.7,5.2,10.7,4.9,2.6
R6-218,30.53,49.5,4.18,0.87,10.98,51.8,2.86,2.86,10.17,3.6,11.4,4.4,2.6
R6-219,38.41,52.7,4.28,0.89,12.6,53.3,3.82,1.18,11.34,6,13.4,4.3,2.6
R6-220,32.93,50.6,3.34,1.09,15.44,51.5,3.43,1.56,12.53,2.2,15,4.2,2.6
R6-221,34.46,53.7,4.43,1.69,11.7,52.7,3.56,1.47,14.04,5.6,11.1,5.4,2.5
R6-222,48.11,53.5,4.14,0.73,11.34,54.2,3.52,1.66,13.95,5.6,18,10.8,2.4
R6-223,33.94871795,52.1,4.21,1.76,16.74,50.9,3.88,3.55,16.02,5,8.2,6.6,2.4
R6-224,30.21,55.5,4.59,0.39,11.88,51.5,2.58,1.65,14.22,4.8,15.6,5.2,2.4
R6-225,29.18,55.3,4.18,0.59,9.72,52,3.04,1.22,7.61,1.4,10.2,5.2,2.4
R6-226,26.1,53.7,4.34,1.81,11.7,52.1,3.43,1.35,13.5,5.6,10.8,4.9,2.4
R6-227,25.22,51.3,3.55,1.34,15.7,51.6,3.24,0.64,14.2,6,16.4,4.2,2.4
R6-228,31.67,53,2.92,1,8.82,51.1,3.03,1.3,10.62,5,16,3.5,2.4
R6-229,34.25,48.2,3.18,0.93,10.08,49.8,2.78,2.2,12.96,1,13.8,3.4,2.4
R6-230,32.77,54.4,4.28,0.96,8.96,48.9,3.57,1.41,10.49,3.2,11,3.4,2.4
R6-231,33.22,52.9,4.65,0.92,13.14,52.8,3.73,1.25,13.86,5.6,12.4,5.2,2.3
R6-232,34.42,53.9,4.05,1.14,13.86,52.7,3.92,1.65,13.5,5.4,12.3,5.1,2.3
R6-233,30.36,53.9,4.43,0.97,14.76,50.6,3.21,1.61,13.5,6.2,9.4,4.8,2.3
R6-234,28,55.8,3.97,0.76,12.96,54.9,2.82,1.1,12.42,7.6,7.2,4.4,2.3
R6-235,27,50.5,3.49,1.39,12.6,52.2,2.58,1.69,13.32,6.8,10.2,7.5,2.2
R6-236,32.2,54,3.93,1.28,12.6,55,3.83,1.06,12.06,5.2,14.4,7,2.2
R6-237,20.22,54.2,4.08,0.74,17.5,50.4,3.76,1.2,14.4,5.2,16.8,6.2,2.2
R6-238,29.08,53.3,3.66,0.68,14.6,51.3,3.55,1.4,15.8,7.6,2.4,6.2,2.2
R6-239,32.46153846,53.5,4.11,1.87,14.04,50.7,4.11,2.03,16.65,4.8,14.2,6,2.2
R6-240,34.89189189,52.5,4.45,1.8,13.68,48,4.02,2.18,17.91,5.6,10.6,6,2.2
R6-241,25.85,52.7,4.39,1.58,16.9,50.1,3.34,1.52,16,6.4,9.8,6,2.2
R6-242,21.9,53.6,3.87,2.24,16,50.9,3.24,0.44,13.1,5.6,20.8,5.3,2.2
R6-243,21.63,52.2,3.97,1.2,18.5,51.4,2.82,0.62,14.9,2.8,9.6,5.2,2.2
R6-244,37.91,50.5,4.52,1.18,14,46.8,3.92,1.61,14.53,4.6,12.8,5,2.2
R6-245,33.38,55.7,3.05,0.87,8.82,52.6,3.3,1.36,14.94,2.8,10,4.2,2.2
R6-246,27,54.1,4.23,0.69,13.5,54.4,3.83,1.11,12.29,6.8,9.6,4.2,2.2
R6-247,29.95,52.4,4.4,0.76,12.78,55.6,2.74,1.26,13.68,4.4,10.8,4,2.2
R6-248,29,50.9,4.21,1.55,14.04,51.7,3.83,1.32,14.49,5.4,9.2,7.2,2.1
R6-249,28.34,53.1,3.97,1.98,14.4,52,3.16,1.09,13.05,7.1,6.4,6.6,2.1
R6-250,30,55.4,4.71,0.71,13.59,53.9,3.83,1.11,14.76,6.4,9.6,5.1,2.1
R6-251,46.12,51,3.72,0.73,10.62,53.1,3.71,1.44,10.17,4,18,10.8,2
R6-252,32.2,55.2,4.66,0.72,13.5,55.2,3.72,0.84,12.24,3.6,14,6.6,2
R6-253,21,54,4.28,0.54,18.9,51.6,3.45,1.02,16.6,6.4,12.4,6.2,2
R6-254,32.46153846,53.5,4.16,1.93,16.11,49,4.24,2.28,16.92,5.4,13.4,6,2
R6-255,45.97,52.3,3.67,1.53,16.2,50.2,2.59,2.31,14.76,8,22,5,2
R6-256,36.92307692,52.4,3.92,1.29,14.13,51.1,3.91,1.53,14.4,6,14.8,5,2
R6-257,30.8,54.9,4.35,0.86,10.08,55.1,2.93,0.9,12.96,3,13.6,5,2
R6-258,30.31,54,4.49,0.89,13.14,51.9,3.55,1.27,10.04,2,15,4.6,2
R6-259,34.21,54.1,3.58,0.6,10.8,52.5,3.13,1.71,10.08,5,13.8,3.8,2
R6-260,40.2,50.2,4.04,1.07,9.72,51.8,3.16,1.23,14.94,4.6,10.6,2.4,2
R6-261,42.07,48.4,3.6,1.68,10.66,48,3.71,1.9,12.24,2.2,19,2,2
R6-262,25,52.7,4.4,0.79,14.94,55,3.3,1.05,12.96,7.2,6.4,7.7,1.9
R6-263,32.1,55.1,4.01,0.74,12.24,51.4,4.4,0.86,13.68,3.6,13.6,8.8,1.8
R6-264,36.53846154,52.7,3.68,1.47,15.93,49.7,4.07,1.66,16.02,6.4,11.2,6.8,1.8
R6-265,30.8,53.8,4.55,0.78,12.06,51.8,3.23,1.44,14.04,5.6,10,6.4,1.8
R6-266,37.34210526,52.2,4.26,2.66,16.92,49,3.35,3.3,15.84,5.6,14,6.1,1.8
R6-267,25.76,54.3,4.65,1.01,13.68,49.5,4.08,1.74,12.24,6,12,5.9,1.8
R6-268,31.5,50.6,3.86,1.34,11.14,51.9,2.49,1.61,14.2,5,11,5.6,1.8
R6-269,21.73,52.4,4.18,1.32,14.2,50.4,3.66,2.86,13.1,5.2,21.2,5.2,1.8
R6-270,30.4,55.7,4.14,0.48,9.9,50.6,2.59,0.54,11.88,1.6,18,5,1.8
R6-271,36.71,54.6,4.33,0.85,13.32,52.3,3.77,1.37,13.68,5.4,13.7,5,1.8
R6-272,31.2,53.7,4.35,0.7,12.24,56.2,3.62,1.24,11.52,4,13.2,4.4,1.8
R6-273,38.74,49.5,4.5,0.78,12.24,54.1,3.42,1.22,12.6,3.6,9.2,4.2,1.8
R6-274,40.63,55.3,3.68,0.78,10.75,52,2.71,0.73,11.7,3,14.6,2.8,1.8
R6-275,26.13,53.4,4.65,1.82,10.62,52.4,3.17,2.54,11.16,5.4,14,5,1.7
R6-276,25.5,55.7,4.73,0.51,14.04,51.8,4.23,1,14.4,7.6,9.2,9.1,1.6
R6-277,32,52.6,4.59,0.74,14.4,51.5,3.73,1.35,16.56,6.4,11.4,7.4,1.6
R6-278,28,55.3,4.44,0.72,10.62,55.5,3.35,1.05,11.7,6.8,10.2,7.1,1.6
R6-279,34.75,53.8,4.08,1.08,12.24,54.1,4,0.81,12.33,7,9.8,6.9,1.6
R6-280,28,53.15,4.66,0.82,13.86,52.3,4.13,1.16,14.04,7.4,10.8,6.6,1.6
R6-281,26.53,49.9,4.4,0.9,9.54,51.5,4.11,1.49,12.51,3.2,16,6.4,1.6
R6-282,33.42105263,49,3.3,4.48,16.38,48.1,3.49,3.88,17.1,6,11.2,6.4,1.6
R6-283,35.25641026,51.8,4.56,2.19,15.75,50.5,3.81,2.65,15.57,4.6,14.2,6.2,1.6
R6-284,25,54.1,4.35,0.82,13.86,51.6,3.25,1.37,14.04,7.6,9.2,6.1,1.6
R6-285,46.44,53.3,3.83,0.93,15.66,48.3,3,2.06,15.12,4.4,20.8,6,1.6
R6-286,35.92307692,52.4,4.21,1.33,15.03,49.1,3.78,2.62,15.48,4.8,11.8,5.9,1.6
R6-287,24.03,51.4,4.28,1.54,16.9,51.5,3.45,2,14,6,13.6,5.8,1.6
R6-288,24.09,54.2,3.71,1.63,12.19,49.6,3.31,2.04,13.14,4.8,10.8,5.6,1.6
R6-289,26.95,52.7,4.11,1.08,13.86,50.1,3.62,1.54,10.89,3.2,19.2,5.4,1.6
R6-290,42.11,53.1,3.73,1.81,13.32,51,2.17,2.41,12.51,4.8,18,5.4,1.6
R6-291,28.21,53.6,3.98,1.31,8.82,53.3,4.41,1.72,11.88,6.2,12.8,5.2,1.6
R6-292,33.82051282,54,4.31,1.02,14.49,49.5,3.35,2.3,15.93,6.2,14.4,5,1.6
R6-293,30.28,54.1,4.32,1.01,9.56,50.6,4.08,1.69,10.98,3.6,13.6,4.8,1.6
R6-294,29,55.5,4.61,0.74,13.86,54.5,2.95,0.98,14.04,8.4,8.3,4.7,1.6
R6-295,28,52.7,4.77,1.06,13.86,51.7,3.49,1.57,14.4,6.6,12.2,8.1,1.5
R6-296,28,52.4,4.02,0.91,14.58,50,3.83,1.53,15.3,8,9.2,6.9,1.5
R6-297,32.1,54.4,4.76,0.5,12.42,53,3.31,0.82,13.32,0.4,14,8,1.4
R6-298,31,55.7,3.98,0.46,9.36,51.4,3,0.74,15.48,0.8,24,7.4,1.4
R6-299,32.2,55.9,3.98,0.7,12.96,55.1,3.42,0.94,10.98,4.4,12.8,7,1.4
R6-300,30.4,52.8,4.69,0.64,12.42,50,4.11,1,13.86,5.6,12,7,1.4
R6-301,28,52.2,4.65,0.84,14.76,53.5,4.23,1.41,14.22,5.6,10.4,6,1.4
R6-302,33.1025641,51.6,4.02,3.29,15.66,49.7,3.16,3.03,18.72,3.2,8.4,6,1.4
R6-303,37.7,52.4,3.38,2.14,12.28,51.7,3.55,2.02,14.58,0,16,5.8,1.4
R6-304,30.6,54.9,4.04,0.7,10.26,49.6,2.83,0.64,12.06,4,11.6,5.8,1.4
R6-305,28.61,55.4,4.4,0.84,14.76,52.5,3.77,1.18,12.69,4,16.4,5.4,1.4
R6-306,30,54.4,3.59,1.23,12.6,53,3.01,1.07,14.76,6.8,8.8,5,1.4
R6-307,30.5,53.6,4.61,0.48,10.08,53,3.73,0.8,12.42,0,25.2,9.2,1.2
R6-308,27,54.5,4.62,0.62,14.04,53.5,3.64,1.22,16.38,8.4,11.2,8.7,1.2
R6-309,31.6,52.7,4.69,0.64,12.24,49.2,4,0.94,12.78,6,14.4,6.8,1.2
R6-310,36.27,48.5,4.04,1.12,12.98,52.5,3.57,1.82,13.14,4.4,12.8,6.6,1.2
R6-311,28.08,53.4,4.4,0.86,12.96,55,3.23,1.7,14.76,4,12,5.6,1.2
R6-312,26.71,56.4,4.18,0.62,12.6,49.4,3.31,0.97,12.02,4,14.8,5.4,1.2
R6-313,39.15,54.1,3.69,0.88,10.8,52.6,3.65,0.8,11.34,4,22.4,4.8,1.2
R6-314,36.42105263,50.5,3.88,2.54,15.03,49.4,3.16,3,16.92,6,15.2,6.5,1.1
R6-315,23.75,51.6,4.4,1.08,14.76,53.1,3.81,1.52,14.94,3.2,18.4,6,1
R6-316,32.31,53.6,4.06,0.48,13.5,56,3.81,1.2,14.22,4,11.2,6,1
R6-317,31.9,54.3,4.5,0.66,11.7,49.7,3.13,0.92,14.76,4.8,14.8,5.8,1
R6-318,30.62,52.5,4.4,1.68,11.52,54.1,3.33,1.38,9.63,4,9.2,5.8,1
R6-319,28.16,50.5,3.72,0.96,13.14,49.4,3.77,1.8,16.38,5.6,8,5.8,1
R6-320,27.14,55.5,4.3,1.02,12.78,51.9,3.86,1.29,13.86,4,13.6,5.6,1
R6-321,34.55,54.5,3.78,0.69,11.16,46,4,1.98,10.44,1.4,12.6,5,1
R6-322,30.11,50.5,3.97,2.01,12.96,51.3,3.16,1.39,11.61,6.8,5.7,6.4,0.9
R6-323,27.47,53.9,4.4,0.92,14.22,52.9,3.91,1.32,13.77,4.4,9.2,6.2,0.8
R6-324,26.29,54,3.91,1.04,11.34,50.7,4.4,1.28,13.23,5.2,13.2,5.8,0.8
R6-325,36.46,52,3.72,1.02,12.24,52.3,3.91,1.48,12.06,2.4,15.6,5.6,0.8
R6-326,20.89,54.4,4.4,0.84,13.5,51.8,3.91,1.11,12.6,4,15.6,5.2,0.8
R6-327,34.17,46.5,3.11,2.78,13.34,48,3.09,3.05,13.32,5.6,2.4,4.4,0.8
R6-328,32.5,54,4.69,0.52,12.06,51.9,4.21,0.86,13.32,5.6,13.2,3.6,0.8
R6-329,30.66,54.6,4.3,0.56,11.7,55.2,3.28,1.04,12.96,4.8,11.6,6.4,0.6
R6-330,32.58,55.4,4.5,0.76,11.7,52.8,3.81,1.78,13.86,4,17.6,5.8,0.6
R6-331,24.92307692,53.5,4.56,1.68,15.21,49.1,4.31,2.45,16.38,6.4,10.4,6.4,0.5
R6-332,31.4,54.7,4.81,0.68,10.8,51.2,3.42,0.72,12.78,4.8,13.6,6.6,0.4
R6-333,38.89,50.5,4.45,0.9,10.26,50.5,3.03,0.76,12.96,3.6,16,4.4,0.2
R7-1,52,49.6,3.18,4.14,18,52.7,3.18,4.2,5.6,2.96,17.06,5.4,22.2
R7-2,49.04,53.7,4.6,0.46,12.6,54.7,3.34,1.62,12.6,6.4,14.8,5,21.4
R7-3,54.9,47.8,3.38,3.74,16.92,51.8,3.04,3.2,19.6,3.22,18.22,4.2,18.2
R7-4,54.1,52,3.28,2.9,17.1,48.6,2.66,3.2,4.8,2.29,16.97,3.8,16.6
R7-5,44.92,54.2,4.18,1.64,13.68,52.1,4.19,1.84,12.78,7,19.4,7.3,15.4
R7-6,50.8,47,3.34,3.52,18.27,45.8,3.29,3.2,19.3,2.72,17.9,3.8,15.4
R7-7,40.94,54.7,3.24,0.66,15.3,53.1,3.66,0.66,12.4,3.4,32,4.6,15.2
R7-8,42.99,51.7,3.24,2.36,12.8,52.3,3.03,1.26,14.4,4.8,22,5.4,15.1
R7-9,35.96842105,52.6,3.74,2.66,17.48,50,2.66,2.8,17.46,5,21,4.6,14.4
R7-10,55.57,45.4,3,0.8,17.28,50.9,2.92,1.27,16.7,2.8,19,3,14.4
R7-11,44.28,55.4,3.24,0.54,11.3,53.1,3.34,1.04,11.8,5.6,27.6,4.6,14.2
R7-12,47.91,52.3,3.24,0.74,14.2,51.5,3.14,1.64,13.9,4,16.8,4.2,14.2
R7-13,53.6,51.4,3.99,1.97,14.76,46.8,1.8,4,30.2,2.12,14.94,2.8,14.2
R7-14,51.99,54.2,3.88,1.77,12.6,53.4,3.88,1.47,12.6,6,19.6,5.3,14
R7-15,43.25,52.8,2.82,1.4,11.9,53.4,2.4,1.52,14.5,3.6,26.6,4.6,13.2
R7-16,48.84,49.4,3.74,1.24,14.76,50,3.58,3.86,15.66,5,22,4.8,12.6
R7-17,43.82,53.8,4.48,1.76,11.25,51.5,4.03,1.76,11.88,6.4,17.8,7.4,12.5
R7-18,47.87,53.9,3.98,1.42,14.04,50.8,3.98,1.82,15.84,8,29.2,6.5,12.4
R7-19,44.19,50.8,4.15,2.38,15.26,51.4,3.38,2.5,16.65,5.2,15.2,5.6,12.4
R7-20,39.21,52.1,3.83,0.96,14.58,50.1,3.57,1.79,15.84,6.8,24.4,6.4,12.2
R7-21,50.21,53.9,3.78,1.27,14.58,52.9,4.08,1.82,12.96,5.6,25.4,5.1,12.2
R7-22,49.5,50.4,3.31,3.94,17.37,49.2,3.09,2.8,19.4,2,15.48,3.6,12
R7-23,51.56,53.9,3.98,1.47,14.04,52.9,3.78,1.54,15.48,7.6,28.2,5.7,11.8
R7-24,49.02,54.9,4.18,0.66,11.5,52.7,3.66,0.56,9.2,7.2,34,4.6,11.8
R7-25,47.55,54.4,3.14,1.12,12.6,52.4,2.51,1.23,14.2,5.2,23.2,4.6,11.8
R7-26,43.58,52.6,4.28,0.68,22.1,52.7,3.66,0.92,19.1,8,34.8,7,11.6
R7-27,56,54.9,4.19,1.65,13.32,55.9,3.16,1.2,12.6,7.2,36.8,5.6,11.6
R7-28,40.45,54.8,3.68,1.91,15.3,52.3,3.98,1.21,15.66,7.2,19.8,5.4,11.6
R7-29,54.2,47.6,3.17,2.76,16.09,47.2,2.9,2.2,18,2.1,17.1,3.6,11.6
R7-30,57.77,53,3.93,1.92,17.1,48.2,3.21,1.46,13.32,5.6,18,3.4,11.6
R7-31,40.05,53.6,3.88,2.12,10.62,51.9,3.88,1.74,13.68,7.2,26.8,6.2,11.4
R7-32,47.85,55.9,4.18,0.62,11.7,49.9,3.66,0.58,9,4.4,25.2,3.8,11.4
R7-33,49.8,47.8,3.2,1.9,15.62,50.4,3.29,2.8,18.7,1.57,16.74,3.8,11.4
R7-34,42.71,51.4,2.93,0.48,16.6,52.7,2.61,0.62,12.6,3,16.6,3.8,11.4
R7-35,42.55,50.6,3.24,0.86,9.2,50.9,2.82,1.5,14.2,6.4,35.8,4.1,11.3
R7-36,50.39,52.1,3.76,0.66,7.7,53.4,3.34,0.5,11.2,4.8,26.8,4,11.2
R7-37,56.5,54.6,3.55,1.6,14.2,52.4,3.27,3.12,16.09,3.8,19,3.8,11.2
R7-38,46.6,51.2,4.08,1.66,12.9,52.8,3.34,0.62,12.6,5.2,22.4,4,10.8
R7-39,39.39,53.5,4.19,2.12,14.04,53.3,3.57,1.79,14.67,6.4,17.2,6.1,10.7
R7-40,48.43,53.8,3.98,1.54,12.24,52.9,3.62,1.94,14.22,6,22.2,5.6,10.7
R7-41,47.46,55.2,4.09,0.97,12.96,53.8,3.57,1.44,14.76,6.4,22.8,5.4,10.7
R7-42,42.27,54.5,4.08,3.1,14.22,51.4,3.68,1.36,14.58,6.8,19.6,6.2,10.6
R7-43,42.56,50.2,3.95,3.22,15.66,48.8,4.05,1.74,14.62,5.4,13.4,4.4,10.6
R7-44,40.7,53.4,3.98,1.91,14.58,52,3.93,1.63,16.38,7.2,20.2,6.5,10.5
R7-45,40.14,52.9,3.88,2.3,12.24,51.5,4.08,1.89,15.48,6.8,25.2,4.6,10.4
R7-46,43.65,53.9,3.98,1.57,13.14,50.5,4.03,1.88,15.03,7.2,26.4,6.3,10.2
R7-47,40.79,50,3.03,1.2,15.7,51.6,2.61,0.54,13.3,4,15.2,3.6,10.2
R7-48,42.73,54.6,4.19,3.05,12.33,49.9,4.19,1.54,14.58,6.8,28.2,6.2,10
R7-49,44.61,49.3,3.24,0.86,16.9,49.8,3.03,1.18,16.7,5.6,17,4.2,10
R7-50,54,54.2,4.5,1.16,14.76,54.1,2.55,0.96,14.4,4.4,36.4,3.8,10
R7-51,48.94,54.9,4.28,0.86,11.3,54.2,3.34,0.58,9.4,5.6,34.4,3.8,10
R7-52,54.4,49.6,2.86,3.52,18.74,47.6,3.02,0,19,4.02,17.1,3,10
R7-53,44.37,54.9,4.19,1.59,12.42,51.5,3.37,1.69,15.84,6.8,16.6,6,9.8
R7-54,44.38,54.5,4.09,2,16.56,49.1,3.88,1.71,14.22,7.6,11.4,5.6,9.8
R7-55,62.28,55,3.02,0.89,17.55,51.3,2.22,1.45,16.02,4,20,3.8,9.8
R7-56,47.82,50.4,3.14,0.72,12.8,50.4,1.99,1,12.6,4.8,18.4,3.2,9.8
R7-57,46.42,55.1,3.78,2.35,15.39,51.6,3.28,2.83,15.57,8,24,7,9.7
R7-58,48.36,54.2,3.34,1.01,11.2,53.6,3.76,1.02,9.7,6.4,33,5.4,9.7
R7-59,42.87,52.9,4.18,1.06,16.8,52,3.03,2.26,22.3,10,37.2,6.6,9.6
R7-60,46.35,51.9,3.73,1.67,14.04,50.9,3.52,1.66,15.3,8,35,6.6,9.6
R7-61,51.74,53.6,3.87,0.2,13.1,53.9,3.24,0.86,10.6,5.2,24.4,4.6,9.6
R7-62,53.97,55.8,3.53,1.68,15.17,47.6,2.79,3.13,16.11,4.8,21.2,4.6,9.6
R7-63,39.94,54.2,3.93,1.9,11.61,52.8,3.57,1.83,13.68,6.8,21.2,6,9.5
R7-64,45.76,53.9,4.29,0.94,12.42,52.8,3.78,1.35,15.84,6.4,21.2,5.9,9.5
R7-65,47.4,53.6,3.38,2.22,18.16,49.8,3.09,3.6,24.2,2.98,18,4,9.4
R7-66,43.97,54.3,3.24,0.62,11.5,52.1,2.82,1.2,12.6,6,18.8,3.8,9.4
R7-67,42.21,52.3,3.24,1.6,13.3,51.7,2.72,0.66,12.6,4,7,3.8,9.4
R7-68,40.21,53.8,4.09,1.87,12.24,49.6,4.24,1.73,15.21,7.4,25.6,6.5,9.3
R7-69,46.89,52.8,3.78,1.65,14.94,51,3.62,1.74,15.66,6.6,17.4,6.2,9.2
R7-70,45.23,51.1,4.28,1.26,14.9,52.8,3.55,0.86,11.2,5.6,27.6,4.6,9.2
R7-71,42.82,54.1,3.88,2.24,13.59,52.3,3.57,1.77,15.3,8.6,22.8,7.1,9.1
R7-72,41.35,52,4.29,1.83,10.95,52.1,4.39,1.95,15.4,6,17.8,6.2,9.1
R7-73,43.33,53.9,4.68,2.68,15.12,51.5,3.28,2.56,14.58,7.6,27.2,7.5,9
R7-74,39.75,54.4,4.18,2.81,15.12,53.1,3.17,2.46,16.02,7.6,26.6,7.4,9
R7-75,44.31,54.6,3.87,0.48,14.8,52.8,3.03,0.86,12.9,6,26.8,4.4,9
R7-76,37.68,53.2,3.98,2.22,11.34,50.2,3.57,1.9,15.12,7.2,13.2,5.8,8.9
R7-77,47,51.2,3.14,0.62,7.9,51.7,2.4,0.86,12.9,2.8,26.6,2.9,8.9
R7-78,42.66,52.5,3.98,1.64,13.14,50.8,3.42,1.83,14.58,7.6,26.2,6.2,8.8
R7-79,50.13,52.1,4.14,1.55,14.04,53.2,4.08,1.99,15.12,6,21.2,5.8,8.8
R7-80,47.87,52.6,3.87,1.26,13.1,52.4,3.66,0.66,11.9,5.6,29.6,4.8,8.8
R7-81,41.41,54.5,4.48,2.24,14.22,51.9,3.17,2.51,15.3,8,24,6.4,8.6
R7-82,54.55,53.5,4.19,1.68,14.04,53.1,3.52,1.99,14.76,6.4,29.6,6.2,8.6
R7-83,48.09,52.9,3.98,1.38,14.58,53.6,3.98,1.72,12.24,6.2,23,5.8,8.6
R7-84,45.58,50.2,4.25,1.36,15.34,48,4.1,3.04,15.12,5.2,20,5.2,8.6
R7-85,42.66,51.1,3.98,2.68,12.24,50.9,4.19,1.71,14.04,7.6,35,6.2,8.5
R7-86,45.41,54.9,4.48,0.93,12.78,52.3,3.98,1.4,15.48,6,25.8,5.8,8.5
R7-87,43.6,52.4,3.54,1.7,14.31,48.6,4.05,2.28,15.12,4.8,8.8,5.3,8.5
R7-88,57.7,53.4,4.29,1.41,14.22,53.3,3.11,1.92,15.48,6.8,38.8,4.7,8.4
R7-89,44.31,50.9,3.45,1.63,9,52.8,3.45,0.84,13.1,5.2,17.2,4.2,8.4
R7-90,35.34,54.4,3.45,1.32,9.7,53.9,3.87,0.76,12.9,3.6,27.2,4,8.4
R7-91,50.99,53,4.03,1.39,14.58,51.5,3.47,2.03,14.04,7.2,31,5.9,8.2
R7-92,53,54.7,4.4,0.92,13.59,54.8,2.35,0.94,11.88,7.2,21.6,5,8.2
R7-93,44.85,53.2,3.79,1.42,12.96,49.4,3.16,3.56,14.22,0.8,22,4.6,8.2
R7-94,47.99,50.5,3.24,1.7,12.2,49.1,2.61,1.74,15.1,3.4,17.2,4.2,8.2
R7-95,46.41,54.1,3.14,0.76,15.5,51.7,2.63,0.86,12.2,5.2,23,4,8.2
R7-96,40.34,53.1,3.34,1.26,11.5,54.5,2.61,1.26,11.5,3.6,33,3,8.2
R7-97,55.4,53.5,4.55,1.13,21.24,51.7,3.78,1.53,14.58,4.4,28,7.6,8
R7-98,53.3,55.16,4.94,0.79,13.14,50.4,3.69,1.19,13.18,8.4,16.8,7.5,8
R7-99,52.8,55.2,4.49,0.97,14.58,53.2,3.91,1.36,14.58,7.8,11.8,7,8
R7-100,42.67,50.9,3.78,1.85,14.22,51.4,3.57,1.82,13.68,7.2,19.8,5.9,8
R7-101,57.77,51,3.38,3.28,16.47,52.6,3.5,2.45,15.84,4.4,20,4.8,8
R7-102,49.45,54.9,3.24,1.06,13.3,54.9,3.45,1.02,16,5.6,25.4,4.6,7.9
R7-103,35.04615385,48.3,3.33,5.59,20.07,48.3,3.23,2.73,16.38,5,14.6,2.1,7.9
R7-104,54.1,54.7,4.64,0.96,13.83,53.5,3.68,1.39,14.76,7.6,18.4,6.6,7.8
R7-105,45.22,52.9,4.39,1.34,16.4,50.7,3.03,1.56,17.5,6.8,26,6.2,7.8
R7-106,64.81,54.2,3.61,1.32,13.68,54.4,3.01,1.51,13.86,6.2,18.2,4.6,7.8
R7-107,49.81,56.3,3.76,0.62,9.4,54,2.82,0.6,11,4.8,27.6,3.8,7.8
R7-108,41.88,53.8,4.48,2.35,15.12,54.4,3.57,1.68,16.38,8,27,7.3,7.7
R7-109,44.07,50.8,3.14,0.66,15.3,50.7,3.55,0.74,13.3,4,16,3.2,7.6
R7-110,40.5,50.6,3.12,2.92,15.03,49.5,2.83,3.4,22.2,1.58,16.92,3,7.6
R7-111,56,53.2,4.75,1.34,13.32,52.4,3.52,1.32,14.94,6.8,33.2,6.2,7
R7-112,47.25,51.2,4.4,1.02,14.44,48.5,3.28,2.74,15.12,6.2,18.4,5.6,7
R7-113,53.05,49.4,3.12,2.3,15.12,51.4,3.12,1.8,15.86,3.6,16.4,5.2,7
R7-114,55,55.1,4.45,1.12,13.32,53.9,2.65,1.08,11.52,8,26,4.6,7
R7-115,50.89,54.7,3.45,0.98,11.2,53.2,3.45,0.72,12.4,6.2,30.2,4.5,7
R7-116,36.68684211,48.2,3.68,1.66,16.29,48.7,2.88,3.4,17.64,5.6,21.8,4.2,7
R7-117,64.08,54,3.87,0.96,13.32,50.1,3.81,1.16,14.58,5.6,24,4,7
R7-118,42.14571429,48,3.61,1.62,17.55,48.5,3.13,2.13,17.98,4,12,4,7
R7-119,47.81,54.3,3.55,0.86,10.8,50.6,2.93,1.1,11.3,4.4,15.2,3.2,7
R7-120,48.08,52.1,3.55,1.94,13.1,51.8,3.24,1.34,14.4,9.6,27.2,6,6.8
R7-121,52.13,51.6,4.26,0.7,13.68,46.8,3.95,2.74,16.38,5.6,19.2,5,6.8
R7-122,45.56,52.4,3.87,1.58,13.7,51,3.24,1.06,23.4,8,28,6.8,6.7
R7-123,40.48648649,53.5,4.51,1.2,15.84,48.6,4.06,4.12,17.55,7.4,17.6,5.8,6.7
R7-124,47.02,53.3,3.97,0.82,9.4,53.4,3.55,0.62,11.9,5.8,29.6,5.5,6.7
R7-125,55.2,53.1,4.01,1.49,15.93,49.75,3.83,1.37,15.12,7.6,18,8.9,6.6
R7-126,46.97,54.3,4.39,0.82,23.9,49.9,3.97,0.52,18.7,7.6,39.2,6.6,6.6
R7-127,40.54,51.7,4.19,2.22,13.86,51.4,4.29,1.78,15.66,6.4,32.4,6.5,6.6
R7-128,44.08,53.4,4.49,1.18,16.9,50.1,3.34,1.38,16.9,7.6,23.6,5.8,6.6
R7-129,51,55,4.39,0.68,11.16,54.4,3.77,1.1,13.68,7.6,26,5.4,6.6
R7-130,43.42,51.3,3.88,2.33,15.3,50.1,2.65,1.4,14.22,6,23.2,5.2,6.6
R7-131,50.6,49.2,4.5,1.02,14.13,47.8,3.85,1.98,15.48,5.8,17.4,5.2,6.6
R7-132,55.3,53,2.87,1.29,14.9,47.6,3.6,4.8,14.2,2.54,15.5,3.2,6.6
R7-133,56.94,53.5,3.93,1.68,15.3,50.9,3.47,1.67,16.2,8.4,17.6,6,6.5
R7-134,47.16,54.5,4.39,0.76,12.6,54.5,3.45,0.82,9.9,5.6,31.2,4.6,6.5
R7-135,61.38,54.6,4.09,0.86,13.84,47.5,3.17,1.49,17.14,5.6,22.6,3.8,6.5
R7-136,50,55.2,4.59,1.04,11.34,52.5,3.77,1.32,13.32,6,33.6,6.2,6.4
R7-137,45.18,53.2,4.49,0.72,19.8,51.7,3.76,0.84,18,6.8,33.6,5.8,6.4
R7-138,46.88,54.8,4.28,0.74,14.9,53.4,3.87,0.86,9.9,4.8,22,4.8,6.4
R7-139,56.36,52.9,4.66,0.8,15.16,52.4,2.94,1.38,15.62,5.8,21,4.6,6.4
R7-140,48.33,52.2,4.03,2.16,16.56,47.6,3.58,2.14,14.94,5,20.4,4.6,6.4
R7-141,41.94054054,49.9,3.24,3.72,16.38,46.9,3.54,3.62,20.16,5.2,15.3,3.6,6.2
R7-142,52.6,49,3.32,3.92,18.9,50.8,3.23,3.6,13.6,1.35,16.4,3.2,6.2
R7-143,45.2,52.2,4.28,1.28,14.2,49.2,3.34,1.32,18,6.8,21.6,6.8,6
R7-144,32.75,51,4.39,2.31,13.14,50.1,3.57,2.46,22.86,6.4,25.2,6.6,6
R7-145,48.69,47.6,4.54,1.3,14.74,45.6,4.05,3.22,16.38,5.8,19.6,5.4,6
R7-146,57.1,50.3,4.6,0.72,14.04,51.1,3.02,1.46,17.37,6,19.6,4.6,6
R7-147,54.03,47.6,3.53,0.61,14.94,51.4,2.84,0.97,16.74,2.6,20,1.8,6
R7-148,37.55,52.8,4.03,0.9,14.31,50,3.16,1.72,14.58,7.2,30.8,6.3,5.8
R7-149,43.07,54.9,4.7,1.22,18,50.2,3.76,2,21.8,9.6,36.8,6.2,5.8
R7-150,51.66,50.1,4.34,1.8,15.39,52.2,2.05,1.26,15.3,6.2,14.9,5.8,5.8
R7-151,52.44,47,4.25,2.29,16.92,47.2,3.92,1.54,17.32,5.2,19.2,5.4,5.8
R7-152,42.86,54.4,4.14,0.86,12.6,52.3,4.14,1.68,16.2,3.2,25.6,4.4,5.8
R7-153,53.41,54.2,4.52,0.85,15.84,52.3,3.89,1.86,15.3,3.2,22.2,5.6,5.6
R7-154,54.25,48.8,4.35,0.99,15.84,48.4,3.64,1.88,17.5,5,16.4,5.4,5.6
R7-155,65.5,53.3,3.5,0.83,16.74,51.3,3.58,1.86,14.26,3.6,10.2,4.8,5.6
R7-156,51.15,48.8,3.51,2.08,14.54,46.8,3.14,1.76,15.3,3.8,13,4.4,5.6
R7-157,55.44,53,4.41,0.78,14.18,53.7,3.35,1.3,15.66,4.2,16.6,4,5.6
R7-158,46.33,53.1,4.28,1.42,17.3,51.1,3.34,2.28,21.2,7.2,29.6,6.2,5.4
R7-159,44.62,53.4,4.81,0.52,15.8,49.8,3.87,1.2,16.6,6.4,26,6,5.4
R7-160,54.36,55.3,4.18,1.06,13.59,45.2,3.26,1.22,12.42,4.4,16,5.8,5.4
R7-161,46,56,3.98,0.56,12.24,50,2.76,1.2,14.22,7.2,23.6,5.2,5.4
R7-162,46.96,53.3,4.6,1.28,18.5,51.4,3.55,1.76,17.6,7.6,22.8,5.2,5.4
R7-163,59.35,46.6,3.68,0.96,17.1,45.8,4.15,2.92,16.2,4.4,19.2,5.2,5.4
R7-164,49.84,54.1,3.76,0.7,13.3,51.9,3.34,0.7,11.5,4.8,24,4.2,5.4
R7-165,46.9,53.8,3.5,1.4,11.9,52.9,3.98,0.74,18,6.8,27.6,5.8,5.2
R7-166,41.78571429,50.2,3.64,1.04,14.94,47.1,3.5,3.07,18.54,4.4,9.6,5.4,5.2
R7-167,43.28857143,49,3.74,1.31,14.8,45.7,3.24,3.88,19.44,5.5,22.3,4.6,5.2
R7-168,56.3,53.6,4.5,1.4,16.02,54.9,3.31,1.42,11.88,8.4,35.2,7.6,5
R7-169,46.94,52.6,4.7,0.92,16.4,49.6,3.34,0.68,14.2,8,30,6.2,5
R7-170,45.52,54.3,4.7,0.8,18.5,49.6,3.87,2.3,20.3,7.2,10.4,5.8,5
R7-171,50.3,53.1,4.4,1.24,16.47,50.1,3.2,1.76,15.8,5.8,17.6,5.4,5
R7-172,53.8,53.4,4.34,1.16,14.73,50.3,3.79,1.69,16.74,7.6,16.8,4.8,5
R7-173,47.65,55.2,3.87,0.7,11.2,51.5,3.14,0.36,10.6,5.2,21.2,4.4,5
R7-174,32.34705882,50,3.31,1.67,19.26,46.4,2.78,4.16,18.72,4,15.8,4.2,5
R7-175,42.03,51.6,4.39,0.32,19.8,50.7,3.55,1.6,16.9,7.2,30,6,4.8
R7-176,49.23,54.2,3.53,0.94,13.01,49,3.13,1.63,14.04,4,23.4,4.4,4.8
R7-177,43.69,49.6,3.03,3.08,17.65,50.7,2.63,2.54,15.48,5.2,20.8,3.2,4.8
R7-178,54.8,54.9,4.42,0.77,14.22,54.6,3.72,1.31,15.21,6.4,23,6.9,4.7
R7-179,44.09,51.7,4.18,1.62,21.1,50.6,3.14,1.8,20.3,7.2,32.8,6.8,4.6
R7-180,46.07,52,4.49,1.4,19.3,50.6,3.34,1.58,21.1,11.2,24,6.8,4.6
R7-181,43.73,53.7,4.49,1.88,12.8,52.6,3.03,1.08,14.2,6.8,27.6,6.4,4.6
R7-182,45.59,50.7,4.28,1.8,11.7,50.8,3.34,0.84,13.9,6.4,22,6.4,4.6
R7-183,39,51.7,3.32,1,13.14,49.5,3.16,1.92,14.58,6.2,11,5.8,4.6
R7-184,39.02702703,52,2.81,1.85,17.64,49.7,3.59,3.06,17.37,6.2,17.2,5.5,4.6
R7-185,54.32,50.2,3.85,2.5,16.38,49,3.74,1.78,13.32,4.8,19,5.4,4.6
R7-186,59.89,53.8,3.68,0.7,13.82,51.3,3.64,1.21,18.54,4.4,21.8,5,4.6
R7-187,54.7,53.8,3.75,0.82,13.91,51.8,3.42,0.85,19.89,4.2,21,4,4.6
R7-188,65.5,51.6,3.2,0.48,18.63,49.3,3.12,1.56,18.09,2.8,2.8,4,4.6
R7-189,47.14,55,4.28,1.2,13.77,51.7,3.47,1.54,13.68,4.8,18.4,3.8,4.6
R7-190,51.5,52.75,4.53,0.86,12.96,54.3,3.47,1,12.78,8.4,17.6,8.4,4.5
R7-191,39.63,52.7,3.88,2.17,16.38,50.5,4.09,1.7,14.85,8,19.2,6.4,4.5
R7-192,55.55,53.7,4.08,1.35,14.58,52.9,3.73,2.09,13.68,7.2,41.2,6.2,4.5
R7-193,36.91,49.9,4.39,0.87,13.5,50.1,3.37,1.69,15.12,7.6,26,7.5,4.4
R7-194,42.95,52.9,3.62,1.64,16.74,49.3,3.47,1.83,15.3,7.8,8.4,6.6,4.4
R7-195,41.88,50.9,3.98,1.92,15.12,51.1,3.88,1.78,15.12,7,18.6,6.5,4.4
R7-196,40.29,52.7,3.78,1.17,14.04,48.4,3.57,1.78,14.13,6,12.2,5.9,4.4
R7-197,56.3,45.4,4.48,0.48,14.69,53,3.17,1.79,16.9,5.2,21.6,5,4.4
R7-198,42.33,54.9,4.49,1,13.68,48.6,3.62,1.42,13.5,6,13.6,4,4.4
R7-199,63.97,53.2,4.45,0.98,13.5,51.9,3.83,1.26,14.76,0,23.2,2.8,4.4
R7-200,50.6,53.85,4.12,1.97,15.15,49.9,2.82,1.54,15.12,6.2,17,7,4.3
R7-201,38.16216216,53.2,3.91,1.78,14.22,48.4,3.66,2.36,18.27,6.4,18.2,6.2,4.3
R7-202,53.3,52.9,4.49,0.8,15.03,52.6,3.51,1.39,14.22,7.4,17.2,5.4,4.3
R7-203,38.54054054,52.3,3.61,1.72,16.11,49,3.91,2.98,18.09,6,18.6,5.3,4.3
R7-204,50.6,54.4,4.79,0.95,13.68,52.55,3.97,1.9,16.92,7.2,18.6,7.9,4.2
R7-205,34.17,53.9,4.28,2.08,11.34,47.4,3.38,1.46,14.76,5.6,23.2,7.4,4.2
R7-206,45.36,51,4.49,1.76,18.5,50,3.45,1.92,22.1,7.2,24,7.2,4.2
R7-207,45.93,51.5,4.7,1.4,17.3,51.8,3.87,1.58,10.6,7.6,21.8,7.2,4.2
R7-208,40.4,51.8,3.68,1.7,12.6,49.5,3.32,1.74,15.21,7.6,12,6.8,4.2
R7-209,42.96,56.7,4.6,1.02,17.5,51.8,3.55,1.08,17.8,7.2,23.2,6.2,4.2
R7-210,45.22,51.8,3.76,1.01,14.4,54.1,3.76,0.76,14,5.6,28.4,5.2,4.2
R7-211,65.27,53,3.9,1.25,16.92,52.2,3.79,1.63,13.14,5.4,21.2,4.4,4.2
R7-212,51.39,52.4,3.7,1.28,14.94,51.4,4.24,1.38,20.68,4.2,21.4,2.8,4.2
R7-213,41.25,52,3.91,1.18,19.08,48.5,3.91,3.18,16.92,6.8,24.2,6.8,4.1
R7-214,54.1,56.2,4.57,0.71,12.06,53.4,4.12,1.45,12.96,9,17.6,8,4
R7-215,46.2,54.4,4.08,1.1,16.6,49.7,3.55,1.84,15.3,6.8,26,6.2,4
R7-216,48,54.2,3.98,1.38,13.68,54.2,3.73,0.74,12.06,7.2,22,5.8,4
R7-217,55.37,49.6,3.88,0.98,14.31,47,3.74,2.72,14.58,4.6,24,5.2,4
R7-218,36.45675676,51.5,4.35,2.02,14.94,44.6,2.51,4,19.8,5.6,17,4.6,4
R7-219,51.45,50,3.71,0.82,13.86,49.8,3.61,2.2,14.9,4.6,17.6,4.4,4
R7-220,42.1075,52,3.31,1.98,14.76,48.1,3.21,2.36,16.74,2.5,7.6,4.4,4
R7-221,62.42,52.8,3.73,2.2,11.16,47,3.62,2.2,19.26,0,25.2,3.6,4
R7-222,50.2,51,3.05,2.68,17.37,50.2,3.9,3.2,23,4.3,15.34,3.2,4
R7-223,57.75,53.2,3.31,1.04,16.11,52.5,3.62,0.84,12.06,0,23.2,1.6,4
R7-224,51.9,55.5,4.44,0.77,13.5,51.2,3.68,1.44,15.48,7.6,18.2,5.8,3.9
R7-225,32.94594595,51.7,4.74,2.5,16.29,49.9,3.71,2.88,18.81,4.6,23,7,3.8
R7-226,46.37,54.1,4.39,1.88,14.8,50.5,3.87,1.12,14.2,9.2,27.2,6.6,3.8
R7-227,47,54.9,4.19,1.26,14.04,55.1,2.14,1.02,13.5,6.8,19.6,6.6,3.8
R7-228,44.53,51.7,3.76,1.34,13.7,48.9,3.55,1.48,15.1,7.8,30.8,6.4,3.8
R7-229,37.94,52.6,3.62,1.31,14.94,49.1,3.32,1.68,14.58,9.4,17.4,6.3,3.8
R7-230,57.05,54.2,4.36,0.88,15.8,53.5,3.67,1.65,15.77,4,20.4,5.4,3.8
R7-231,59.72,56.2,4.24,1.09,13.68,51.5,3.62,1.86,14.94,7.2,19,5.2,3.8
R7-232,49.17,52,4.16,0.88,15.66,51,3.26,3.46,16.38,3.8,18.2,5.1,3.8
R7-233,56.17,50.3,4.61,1.12,15.93,51.8,4.09,1.48,16.47,4.4,16,4.8,3.8
R7-234,50,55.1,4.39,0.92,13.14,53.3,2.86,1.16,15.12,6,24,4.6,3.8
R7-235,55.37,54.2,3.61,1.25,15.66,46,3.21,2,14.22,4.8,19,4.4,3.8
R7-236,35.98055556,51.6,4.34,1.82,17.28,47,3.3,2.88,15.66,4.6,10.8,4,3.8
R7-237,41.67,51.3,3.21,1.83,16.38,51,2.69,1.28,13.32,0.4,42.8,3.8,3.8
R7-238,36.48648649,51,4.56,1.53,14.85,49.7,3.41,3.63,19.17,6.4,17.4,7.4,3.6
R7-239,48.81081081,51.5,3.91,1.85,15.66,50.5,3.61,2.24,16.38,6.8,17.8,6.4,3.6
R7-240,42.52,52.1,4.39,0.84,14.94,50.1,3.27,1.81,15.3,7.2,17.2,5.8,3.6
R7-241,52.48,52.1,4.42,0.84,17.32,50.9,3.54,1.99,17.46,3.8,22.6,5.2,3.6
R7-242,41.57,51.6,3.43,1.76,15.3,50.2,3.17,4.04,15.79,4.6,24.6,4.6,3.6
R7-243,43.76,52.2,4.03,0.9,14.58,50.9,3.52,1.79,15.3,7.2,32.6,6,3.5
R7-244,52.68,51.6,4.03,0.25,15.84,53,2.94,1.08,16.49,4,16.4,4.6,3.5
R7-245,36.54054054,48.8,4.52,1.2,15.3,49.3,4.53,2.72,17.55,6.8,18.4,6.8,3.4
R7-246,41.18,51.7,4.03,1.06,13.5,50.3,3.78,1.94,16.65,7.2,17,6.6,3.4
R7-247,50.9,54.5,4.62,0.83,15.3,52.35,3.84,1.72,16.17,6.8,17,6.3,3.4
R7-248,49,55.6,4.08,0.8,11.88,52.8,3.11,0.98,13.5,4.4,25.2,6.2,3.4
R7-249,43.02,54.8,4.81,1.34,14.2,50.9,3.35,1.58,16.6,6.4,31.6,6,3.4
R7-250,40.81081081,52.5,4.51,2.02,15.84,48.7,4.01,3.29,16.47,6.2,18.2,5.7,3.4
R7-251,51.18,48.6,4.4,0.77,15.3,46.2,3.95,2.6,14.62,5.6,22.4,5.6,3.4
R7-252,49.85,52.2,4.32,0.9,14.58,45.6,3.21,1.78,14.4,4.4,15.4,5,3.4
R7-253,41.05,52.3,3.88,2.01,16.38,53.1,3.62,0.8,14.58,2,41.6,4.8,3.4
R7-254,37.90526316,51.7,3.55,2.98,16.56,50,3.48,2.66,16.29,5,20,4.8,3.4
R7-255,55.44,44.2,4.22,0.92,13.68,46.8,3.41,1.56,15.84,3.8,16.7,4.6,3.4
R7-256,48.32,50,3.62,2.9,16.29,52,3.51,1.28,13.86,0.4,31.2,4.2,3.4
R7-257,55,55.8,4.5,1.42,11.52,54,2.69,1.18,12.6,7.6,20,4.2,3.4
R7-258,44.09,53,4.7,2.6,18,51,4.08,2.2,15.3,7.2,28.8,7.2,3.2
R7-259,41.53,53.8,4.81,0.24,17.6,51.2,3.66,1,16.7,7.6,21.6,6.4,3.2
R7-260,37.94594595,52.4,4.31,1.23,15.48,48.3,4.16,4.06,19.89,6.8,17,5.8,3.2
R7-261,58.78,53.9,3.79,0.96,14.76,50.5,3.49,2.44,15.23,4,20.6,5.6,3.2
R7-262,55.07,53.2,3.93,1.03,14.33,53.1,3.52,1.81,16.02,6.2,26.6,4.8,3.2
R7-263,54.37,51.2,3.78,1.31,14.4,53.9,3.88,2.21,14.04,6.2,26.2,3.4,3.2
R7-264,62.08,54.4,3.52,1.74,10.35,51.8,3.42,1.24,17.46,4.8,11.6,2.4,3.2
R7-265,38.83783784,49.3,3.96,3.17,20.07,48.9,3.56,3.74,17.46,6.6,15.2,6.5,3.1
R7-266,52.2,53.2,4.38,0.96,14.04,51.6,4.11,1.31,17.28,8.6,18.4,5.9,3.1
R7-267,45.44,51.5,5.02,2.4,14.6,51.2,4.18,1.92,13.1,6.8,26.8,7,3
R7-268,49.84,53.7,3.98,1.62,16.29,52.3,3.42,1.78,17.46,8.2,19.6,6.8,3
R7-269,43.28,51.7,4.39,2.52,15.5,50.8,3.35,1.8,15.3,6.8,22.4,6.6,3
R7-270,38.32432432,52.6,4.06,1.52,15.21,49.2,4.11,2.74,16.65,7.6,17.6,6.6,3
R7-271,45.76,51.5,4.08,1.28,16,49.4,3.14,1.32,18.7,6.4,22,6.2,3
R7-272,28.91388889,47.8,3.01,3.71,19.28,47.3,3.79,4.6,19.17,4,8,6,3
R7-273,54.74,53.9,4.14,1.2,13.5,51.4,3.68,2.01,12.42,6.6,21,5.6,3
R7-274,43.97297297,50.9,4.61,1.74,15.03,51.5,3.73,1.91,15.21,7,17.8,5.6,3
R7-275,38.6,50.4,3.27,2.64,16.56,51.2,3.64,2.5,17.82,5,26.2,4,3
R7-276,37.69,51.8,4.13,0.95,14.13,49.6,3.57,1.54,15.03,7.2,21.2,7.1,2.8
R7-277,45.82,51.5,3.34,1.68,14.6,50.9,3.76,1.28,15.7,7.6,35.2,7,2.8
R7-278,39.38,51.6,3.47,1.24,12.69,49,3.37,1.73,13.86,8,14.4,7,2.8
R7-279,45.19,51,3.83,2.01,16.11,50.8,3.57,2.31,18.54,7.4,12.4,7,2.8
R7-280,46.77,53.4,4.28,2.12,17.8,51.1,3.55,1.02,20,6.8,32,6.4,2.8
R7-281,54.9,54.1,4.13,1.92,15.84,51,4.04,1.82,16.74,7.2,20,6.4,2.8
R7-282,41.5,54.2,4.6,0.88,14.8,50.6,3.35,1.52,16,6.8,16.8,6.4,2.8
R7-283,54.8,52.2,4.72,0.98,15.3,51.3,3.58,1.28,15.48,7.6,23.2,6.3,2.8
R7-284,57.96,53.6,3.79,0.63,14.98,49.1,3.68,1.9,16.52,4.2,20.4,5.6,2.8
R7-285,53.25,53.2,3.78,2.02,14.58,51.9,3.57,1.69,15.12,4.2,13.4,5.4,2.8
R7-286,54.4,52.4,3.31,1.03,16.02,47.3,3.69,1.98,18.18,4.2,16.2,5.2,2.8
R7-287,55.41,50.2,3.71,1.38,13.34,48.4,3.44,3.18,16.29,4,21,5,2.8
R7-288,55.15,50.4,4.13,0.56,14.4,48,3.15,2.52,18.14,3.6,18.9,5,2.8
R7-289,58.57,49.8,3.51,0.98,17.24,45,3.64,2.56,16.38,4,22.8,4.6,2.8
R7-290,53.35,49.8,3.92,0.77,14.58,49.4,3.41,1.62,16.02,4.4,20.6,4,2.8
R7-291,47.44,53.4,3.38,3.96,15.84,53.4,3.07,2.42,14.67,4.8,25.6,3.8,2.8
R7-292,41.69,50.6,4.09,1.04,15.03,50.7,2.91,1.7,13.86,7.4,17.6,7.7,2.7
R7-293,42.57,50.3,3.83,2.3,16.47,50.5,3.68,1.75,17.28,7.2,13.6,6.4,2.7
R7-294,58.11,51.4,3.82,1.06,15.66,50.3,3.99,1.57,17.73,4.4,16,5,2.7
R7-295,52.2,53,4.73,0.81,13.86,53.9,4.01,1.15,13.68,7.8,16.2,7.6,2.6
R7-296,52.2,53.4,3.81,1.99,15.9,50.85,3.3,1.8,14.58,6,17.2,6.3,2.6
R7-297,45.49,55.7,3.55,1.72,20.5,51.6,3.45,1.72,22.4,7.2,27.6,6.2,2.6
R7-298,51,53.2,4.69,0.66,14.94,53,4.24,1.08,13.14,7.2,22.8,8.2,2.4
R7-299,45.78,53.4,4.91,0.68,13.5,49.7,4.28,1.56,11.7,7.2,23.2,7.4,2.4
R7-300,42.27,52.6,4.28,0.72,19.8,51.4,3.66,1.14,16.4,6.8,36,6.8,2.4
R7-301,38.44,54.2,4.09,1.33,13.23,51,3.06,1.92,15.93,6.6,16.6,6.6,2.4
R7-302,44.79,53.1,3.76,1.22,17.5,51.5,2.82,1.4,15.5,6.8,27.6,6.4,2.4
R7-303,49,53.8,4.28,1.18,14.22,52.7,3.88,1.1,12.96,7.2,26,6.2,2.4
R7-304,52,52,4.82,1.07,15.48,49.6,4.51,2.38,17.01,5.6,17.2,5.5,2.4
R7-305,55.03,53.4,4.05,0.96,16.69,52.2,3.68,2.02,17.32,5.6,16.6,5,2.4
R7-306,29.41081081,47,3.21,3.22,17.64,46.5,3.62,4.04,17.46,4.4,10,5,2.4
R7-307,57.76,52.9,4.41,0.9,16.99,50.6,3.13,4.24,15.37,5.6,16.8,4.8,2.4
R7-308,65.92,54,3.73,1.64,14.4,53.9,3.52,1.58,14.22,0,25.2,4,2.4
R7-309,57.25,47.6,3.94,0.73,14.04,47.4,3.01,2.08,15.82,2,16.6,4,2.4
R7-310,46.88,52.1,3.55,1.04,15.3,49.5,3.14,1.84,19.1,8.8,25.6,7.4,2.2
R7-311,46.85,53.5,3.55,1.2,13.1,49.7,3.55,0.8,15.7,7.6,28,7.2,2.2
R7-312,54.2,56.3,4.61,0.8,13.86,55.1,3.31,1.1,14.4,5.2,14.4,6.7,2.2
R7-313,50,54.75,4.44,0.97,14.58,51.3,3.36,1.27,15.12,7.8,14.4,6.6,2.2
R7-314,47.37,54.5,4.81,0.42,13.9,50,3.76,1.94,14.2,6,30.2,6.4,2.2
R7-315,49,54,4.39,0.62,15.12,52.6,3.08,1.18,13.5,9.2,24,6.2,2.2
R7-316,47.61,50.6,4.08,1.66,8.5,49.3,2.51,1.34,13.9,6.8,22.8,4.8,2.2
R7-317,58,53.4,4.14,1.2,13.86,54.2,3.52,1,13.32,8.8,13.6,4.8,2.2
R7-318,46.97,50.9,4.04,1.2,13.32,53.1,2.9,1.96,16.56,0,23.6,4.6,2.2
R7-319,48,53.3,4.55,1.06,10.98,50.9,3.98,1.84,15.84,6.8,21.2,8,2
R7-320,46.32432432,51.2,4.57,1.18,14.85,49.3,4.02,2.23,15.3,6.4,16.4,5.6,2
R7-321,54.22,54.3,3.52,1.53,13.59,51.9,3.62,0.88,12.6,0,22,4.4,2
R7-322,47.66,56.6,3.82,0.65,11.7,53.6,2.81,2,16.2,5.2,19.6,4.2,2
R7-323,54.33,52.9,3.82,2.14,14.4,51.1,2.81,1.95,15.48,4.6,13.8,7,1.9
R7-324,49,54.6,4.69,0.86,13.32,51.9,3.16,1.08,14.4,6.4,14.8,7.4,1.8
R7-325,48.72,51.9,4.7,2,15.7,49.9,3.66,1.62,11.5,6.4,27.6,7.2,1.8
R7-326,48,53.9,4.18,1.26,18.18,53.4,3.37,0.92,12.42,7.2,16.4,7,1.8
R7-327,50,54,4.08,1.18,15.3,50.9,3.31,1.04,14.58,8.4,20.8,7.4,1.6
R7-328,43.72,51.6,3.31,2.28,16.38,51,3.31,1.2,15.12,1.2,38.8,6.6,1.6
R7-329,59.16,54.3,3.98,1.21,12.24,52,3.49,1.48,14.04,6.6,17.8,5.8,1.6
R7-330,63.64,50.6,3.7,1.28,12.87,53.3,3.42,1.72,10.08,2.4,16.8,5.2,1.6
R7-331,53.31,52.5,3.73,2.22,15.12,50.1,3.52,1.26,16.2,0,23.2,4.8,1.6
R7-332,45.75675676,50.8,4.22,0.9,14.58,50.3,3.61,2.63,13.41,5.6,14.8,5.8,1.4
R7-333,47.51351351,52.8,4.62,1.26,15.48,50.2,3.14,1.31,15.75,5.8,14.2,6,1.3
R7-334,64.05,55.4,3.93,1.48,14.04,53.5,3.42,1.04,12.42,3.2,15.2,9.2,1.2
R7-335,45.86486486,52.6,3.86,2.32,14.94,48.8,3.86,2.55,16.02,7.4,17.6,8,1.2
R7-336,55.5,55.2,4.38,0.86,14.85,51.3,3.57,1.45,17.46,6.2,20.6,7.7,1.2
R7-337,39.81081081,54.5,4.06,1.21,15.66,49.7,4.61,2.46,17.91,5.2,23.2,6.8,1.2
R7-338,36.18918919,54.8,4.25,1.59,15.93,51.4,4.26,2.56,15.03,8.2,23.6,6.2,1.2
R7-339,52.8,56.4,3.6,0.62,14.22,52.5,4.1,1.32,13.86,7.6,17.8,3.7,1.2
R7-340,53.33,54.3,4.66,1.18,13.14,52.6,3.47,1.4,13.68,5.2,18,1.4,1.2
R7-341,53,53.1,4.19,1.27,16.11,50,3.21,1.53,18.9,3,13.2,8.3,0.8
